编号,微信原序号,位置,物品名称,视觉识别状态,原始路径,新路径
ITEM0001,1,A?,镇部之宝纪念盒,已确认,data/A/微信图片_20260913170503_1_3107.jpg,data/A/ITEM0001_镇部之宝纪念盒.jpg
ITEM0002,5,A?,卡通吉祥物头套,已确认,data/A/微信图片_20260913170551_5_3107.jpg,data/A/ITEM0002_卡通吉祥物头套.jpg
ITEM0003,7,A?,充气活动道具,待确认具体类型,data/A/微信图片_20260913170624_7_3107.jpg,data/A/ITEM0003_充气活动道具.jpg
ITEM0004,9,A?,宣传展板,已确认,data/A/微信图片_20260913170637_9_3107.jpg,data/A/ITEM0004_宣传展板.jpg
ITEM0005,12,A?,素描纸,已确认,data/A/微信图片_20260913170727_12_3107.jpg,data/A/ITEM0005_素描纸.jpg
ITEM0006,14,A?,仿真花,已确认,data/A/微信图片_20260913170737_14_3107.jpg,data/A/ITEM0006_仿真花.jpg
ITEM0007,16,A?,袖章与袖套,已确认,data/A/微信图片_20260913170801_16_3107.jpg,data/A/ITEM0007_袖章与袖套.jpg
ITEM0008,19,A?,篷布,已确认,data/A/微信图片_20260913170829_19_3107.jpg,data/A/ITEM0008_篷布.jpg
ITEM0009,22,A?,折叠桌收纳包,待确认是否含桌具,data/A/微信图片_20260913170850_22_3107.jpg,data/A/ITEM0009_折叠桌收纳包.jpg
ITEM0010,24,A?,鼓,已确认,data/A/微信图片_20260913170900_24_3107.jpg,data/A/ITEM0010_鼓.jpg
ITEM0011,27,B?,学部Logo服装,已确认,data/B/微信图片_20260913170929_27_3107.jpg,data/B/ITEM0011_学部Logo服装.jpg
ITEM0012,30,B?,学校Logo马甲,已确认,data/B/微信图片_20260913171001_30_3107.jpg,data/B/ITEM0012_学校Logo马甲.jpg
ITEM0013,32,B?,迎新工作证,已确认,data/B/微信图片_20260913171027_32_3107.jpg,data/B/ITEM0013_迎新工作证.jpg
ITEM0014,34,B?,篮球服,已确认,data/B/微信图片_20260913171046_34_3107.jpg,data/B/ITEM0014_篮球服.jpg
ITEM0015,36,B?,学部Polo衫,已确认,data/B/微信图片_20260913171109_36_3107.jpg,data/B/ITEM0015_学部Polo衫.jpg
ITEM0016,38,B?,反光背心,已确认,data/B/微信图片_20260913171135_38_3107.jpg,data/B/ITEM0016_反光背心.jpg
ITEM0017,40,B?,消防马甲,已确认,data/B/微信图片_20260913171146_40_3107.jpg,data/B/ITEM0017_消防马甲.jpg
ITEM0018,42,B?,绿色袋装服装,待确认具体服装,data/B/微信图片_20260913171155_42_3107.jpg,data/B/ITEM0018_绿色袋装服装.jpg
ITEM0019,44,B?,民族服装,已确认,data/B/微信图片_20260913171206_44_3107.jpg,data/B/ITEM0019_民族服装.jpg
ITEM0020,46,B?,草帽,已确认,data/B/微信图片_20260913171216_46_3107.jpg,data/B/ITEM0020_草帽.jpg
ITEM0021,50,A?,小国旗,已确认,data/A/微信图片_20260913171251_50_3107.jpg,data/A/ITEM0021_小国旗.jpg
ITEM0022,51,A?,矿泉水,已确认,data/A/微信图片_20260913171259_51_3107.jpg,data/A/ITEM0022_矿泉水.jpg
ITEM0023,53,B3,塑料盆,已确认,data/B/B3/微信图片_20260913171317_53_3107.jpg,data/B/B3/ITEM0023_塑料盆.jpg
ITEM0024,55,B3,鼓收纳包,已确认,data/B/B3/微信图片_20260913171325_55_3107.jpg,data/B/B3/ITEM0024_鼓收纳包.jpg
ITEM0025,57,B3,素质拓展球,已确认,data/B/B3/微信图片_20260913171335_57_3107.jpg,data/B/B3/ITEM0025_素质拓展球.jpg
ITEM0026,59,B3,素质拓展旗帜,已确认,data/B/B3/微信图片_20260913171349_59_3107.jpg,data/B/B3/ITEM0026_素质拓展旗帜.jpg
ITEM0027,61,B3,素质拓展器材,已确认,data/B/B3/微信图片_20260913171418_61_3107.jpg,data/B/B3/ITEM0027_素质拓展器材.jpg
ITEM0028,63,B3,荧光棒,已确认,data/B/B3/微信图片_20260913171439_63_3107.jpg,data/B/B3/ITEM0028_荧光棒.jpg
ITEM0029,66,B4,啦啦队彩球,已确认,data/B/B4/微信图片_20260913171454_66_3107.jpg,data/B/B4/ITEM0029_啦啦队彩球.jpg
ITEM0030,68,B4,毛巾,已确认,data/B/B4/微信图片_20260913171509_68_3107.jpg,data/B/B4/ITEM0030_毛巾.jpg
ITEM0031,70,B4,爱心义卖箱,已确认,data/B/B4/微信图片_20260913171520_70_3107.jpg,data/B/B4/ITEM0031_爱心义卖箱.jpg
ITEM0032,72,B4,学士帽,已确认,data/B/B4/微信图片_20260913171532_72_3107.jpg,data/B/B4/ITEM0032_学士帽.jpg
ITEM0033,75,C?,花瓶,已确认,data/C/微信图片_20260913171602_75_3107.jpg,data/C/ITEM0033_花瓶.jpg
ITEM0034,77,C?,彩色编织篮,已确认,data/C/微信图片_20260913171615_77_3107.jpg,data/C/ITEM0034_彩色编织篮.jpg
ITEM0035,79,C?,茶具,已确认,data/C/微信图片_20260913171626_79_3107.jpg,data/C/ITEM0035_茶具.jpg
ITEM0036,81,C?,酒礼盒,已确认,data/C/微信图片_20260913171637_81_3107.jpg,data/C/ITEM0036_酒礼盒.jpg
ITEM0037,83,C?,风车,已确认,data/C/微信图片_20260913171656_83_3107.jpg,data/C/ITEM0037_风车.jpg
ITEM0038,85,C?,奖品笔记本套装,已确认,data/C/微信图片_20260913171717_85_3107.jpg,data/C/ITEM0038_奖品笔记本套装.jpg
ITEM0039,87,C?,捏捏乐玩具,已确认,data/C/微信图片_20260913171733_87_3107.jpg,data/C/ITEM0039_捏捏乐玩具.jpg
ITEM0040,89,C?,面具与手机支架,已确认,data/C/微信图片_20260913171746_89_3107.jpg,data/C/ITEM0040_面具与手机支架.jpg
ITEM0041,91,C?,古装道具剑与折扇,已确认,data/C/微信图片_20260913171817_91_3107.jpg,data/C/ITEM0041_古装道具剑与折扇.jpg
ITEM0042,94,C3,手持标语牌,已确认,data/C/C3/微信图片_20260913171835_94_3107.jpg,data/C/C3/ITEM0042_手持标语牌.jpg
ITEM0043,96,C3,抽奖箱,已确认,data/C/C3/微信图片_20260913171843_96_3107.jpg,data/C/C3/ITEM0043_抽奖箱.jpg
ITEM0044,98,C4,羊角锤,已确认,data/C/C4/微信图片_20260913171855_98_3107.jpg,data/C/C4/ITEM0044_羊角锤.jpg
ITEM0045,100,C4,钢丝钳,已确认,data/C/C4/微信图片_20260913171906_100_3107.jpg,data/C/C4/ITEM0045_钢丝钳.jpg
ITEM0046,102,C4,卷尺,已确认,data/C/C4/微信图片_20260913171912_102_3107.jpg,data/C/C4/ITEM0046_卷尺.jpg
ITEM0047,104,C4,铁丝,已确认,data/C/C4/微信图片_20260913171923_104_3107.jpg,data/C/C4/ITEM0047_铁丝.jpg
ITEM0048,106,C4,台式电脑主机,已确认,data/C/C4/微信图片_20260913171931_106_3107.jpg,data/C/C4/ITEM0048_台式电脑主机.jpg
ITEM0049,108,C4,黑板,已确认,data/C/C4/微信图片_20260913171948_108_3107.jpg,data/C/C4/ITEM0049_黑板.jpg
ITEM0050,110,C4,收录机,已确认,data/C/C4/微信图片_20260913171958_110_3107.jpg,data/C/C4/ITEM0050_收录机.jpg
ITEM0051,112,C4,手提音箱,已确认,data/C/C4/微信图片_20260913172006_112_3107.jpg,data/C/C4/ITEM0051_手提音箱.jpg
ITEM0052,114,C4,键盘,已确认,data/C/C4/微信图片_20260913172022_114_3107.jpg,data/C/C4/ITEM0052_键盘.jpg
ITEM0053,118,D2,长尾票夹,已确认,data/D/D2/微信图片_20260913172047_118_3107.jpg,data/D/D2/ITEM0053_长尾票夹.jpg
ITEM0054,120,D2,活动手牌与塑料扇,已确认,data/D/D2/微信图片_20260913172108_120_3107.jpg,data/D/D2/ITEM0054_活动手牌与塑料扇.jpg
ITEM0055,122,D2,超轻粘土,已确认,data/D/D2/微信图片_20260913172124_122_3107.jpg,data/D/D2/ITEM0055_超轻粘土.jpg
ITEM0056,124,D2,眼罩,已确认,data/D/D2/微信图片_20260913172131_124_3107.jpg,data/D/D2/ITEM0056_眼罩.jpg
ITEM0057,126,D2,防滑粉,已确认,data/D/D2/微信图片_20260913172136_126_3107.jpg,data/D/D2/ITEM0057_防滑粉.jpg
ITEM0058,128,D2,乒乓球,已确认,data/D/D2/微信图片_20260913172149_128_3107.jpg,data/D/D2/ITEM0058_乒乓球.jpg
ITEM0059,130,D2,红色罐装喷剂,待确认具体用途,data/D/D2/微信图片_20260913172158_130_3107.jpg,data/D/D2/ITEM0059_红色罐装喷剂.jpg
ITEM0060,132,D2,书签,已确认,data/D/D2/微信图片_20260913172206_132_3107.jpg,data/D/D2/ITEM0060_书签.jpg
ITEM0061,134,D2,护具与手套,已确认,data/D/D2/微信图片_20260913172225_134_3107.jpg,data/D/D2/ITEM0061_护具与手套.jpg
ITEM0062,136,D2,迷彩油彩,已确认,data/D/D2/微信图片_20260913172234_136_3107.jpg,data/D/D2/ITEM0062_迷彩油彩.jpg
ITEM0063,138,D2,乒乓球拍,已确认,data/D/D2/微信图片_20260913172244_138_3107.jpg,data/D/D2/ITEM0063_乒乓球拍.jpg
ITEM0064,140,D2,帆布鞋,已确认,data/D/D2/微信图片_20260913172256_140_3107.jpg,data/D/D2/ITEM0064_帆布鞋.jpg
ITEM0065,143,D3,学部Logo贴纸,已确认,data/D/D3/微信图片_20260913172311_143_3107.jpg,data/D/D3/ITEM0065_学部Logo贴纸.jpg
ITEM0066,145,D3,气球与打气筒,已确认,data/D/D3/微信图片_20260913172330_145_3107.jpg,data/D/D3/ITEM0066_气球与打气筒.jpg
ITEM0067,147,D3,直尺,已确认,data/D/D3/微信图片_20260913172402_147_3107.jpg,data/D/D3/ITEM0067_直尺.jpg
ITEM0068,149,D3,尼龙扎带,已确认,data/D/D3/微信图片_20260913172416_149_3107.jpg,data/D/D3/ITEM0068_尼龙扎带.jpg
ITEM0069,151,D3,透明塑料扎带,待确认具体类型,data/D/D3/微信图片_20260913172423_151_3107.jpg,data/D/D3/ITEM0069_透明塑料扎带.jpg
ITEM0070,153,D3,透明胶带,已确认,data/D/D3/微信图片_20260913172433_153_3107.jpg,data/D/D3/ITEM0070_透明胶带.jpg
ITEM0071,155,D3,彩色笔,已确认,data/D/D3/微信图片_20260913172445_155_3107.jpg,data/D/D3/ITEM0071_彩色笔.jpg
ITEM0072,157,D3,自喷漆,已确认,data/D/D3/微信图片_20260913172604_157_3107.jpg,data/D/D3/ITEM0072_自喷漆.jpg
ITEM0073,159,D3,墨镜,已确认,data/D/D3/微信图片_20260913172617_159_3107.jpg,data/D/D3/ITEM0073_墨镜.jpg
ITEM0074,161,D3,党建工作室招新报名表,已确认,data/D/D3/微信图片_20260913172639_161_3107.jpg,data/D/D3/ITEM0074_党建工作室招新报名表.jpg
ITEM0075,163,D3,针线盒,已确认,data/D/D3/微信图片_20260913172650_163_3107.jpg,data/D/D3/ITEM0075_针线盒.jpg
ITEM0076,165,D3,聘书,已确认,data/D/D3/微信图片_20260913172723_165_3107.jpg,data/D/D3/ITEM0076_聘书.jpg
ITEM0077,167,D3,双面泡棉胶带,已确认,data/D/D3/微信图片_20260913172733_167_3107.jpg,data/D/D3/ITEM0077_双面泡棉胶带.jpg
ITEM0078,170,D4,木质展示架,已确认,data/D/D4/微信图片_20260913172803_170_3107.jpg,data/D/D4/ITEM0078_木质展示架.jpg
ITEM0079,173,FLOOR,落地宣传牌与配重,区域总览,data/FLOOR/微信图片_20260913172919_173_3107.jpg,data/FLOOR/ITEM0079_落地宣传牌与配重.jpg
ITEM0080,175,FLOOR,竹竿,已确认,data/FLOOR/微信图片_20260913172930_175_3107.jpg,data/FLOOR/ITEM0080_竹竿.jpg
ITEM0081,177,FLOOR,展架配重底座,已确认,data/FLOOR/微信图片_20260913172938_177_3107.jpg,data/FLOOR/ITEM0081_展架配重底座.jpg
ITEM0082,180,FLOOR,展架支撑杆,待确认具体展架,data/FLOOR/微信图片_20260913172958_180_3107.jpg,data/FLOOR/ITEM0082_展架支撑杆.jpg
ITEM0083,182,FLOOR,宣传海报与展板,已确认,data/FLOOR/微信图片_20260913173006_182_3107.jpg,data/FLOOR/ITEM0083_宣传海报与展板.jpg
ITEM0084,184,FLOOR,黑色卷筒物料,待确认具体类型,data/FLOOR/微信图片_20260913173023_184_3107.jpg,data/FLOOR/ITEM0084_黑色卷筒物料.jpg
ITEM0085,187,A?,折叠平板车,已确认,data/A/微信图片_20260913173034_187_3107.jpg,data/A/ITEM0085_折叠平板车.jpg
ITEM0086,189,B3,塑料盆组,已确认,data/B/B3/微信图片_20260913173044_189_3107.jpg,data/B/B3/ITEM0086_塑料盆组.jpg
ITEM0087,191,FLOOR,金属收纳篮,已确认,data/FLOOR/微信图片_20260913173133_191_3107.jpg,data/FLOOR/ITEM0087_金属收纳篮.jpg
ITEM0088,193,DOOR,拾物夹,已确认,data/DOOR/微信图片_20260913173202_193_3107.jpg,data/DOOR/ITEM0088_拾物夹.jpg
ITEM0089,195,DOOR,不锈钢伸缩杆,已确认,data/DOOR/微信图片_20260913173212_195_3107.jpg,data/DOOR/ITEM0089_不锈钢伸缩杆.jpg
ITEM0090,197,DOOR,平板拖把,已确认,data/DOOR/微信图片_20260913173222_197_3107.jpg,data/DOOR/ITEM0090_平板拖把.jpg
ITEM0091,199,A?,宣传横幅与展板,区域总览,data/A/微信图片_20260913173235_199_3107.jpg,data/A/ITEM0091_宣传横幅与展板.jpg
ITEM0092,201,C4,展架圆形配重底座,已确认,data/C/C4/微信图片_20260913173255_201_3107.jpg,data/C/C4/ITEM0092_展架圆形配重底座.jpg
